{
  "validation_timestamp": "2024-01-15T14:25:30Z",
  "engine_version": "1.0.0",
  "tier_used": "pro",
  "compliance_score": 0.85,
  "overall_status": "compliant",
  "checks_remaining": -1,
  "upsell_triggered": false,
  "validated_rules": [
    {
      "id": "UCP600-6",
      "description": "LC expiry date validation",
      "status": "pass",
      "details": "Expiry date 2024-03-01 is valid and allows sufficient time for shipment",
      "field_location": "expiry_date",
      "suggested_fix": null
    },
    {
      "id": "UCP600-14",
      "description": "Presentation period compliance",
      "status": "pass",
      "details": "21-day presentation period complies with standard banking practice",
      "field_location": "presentation_period",
      "suggested_fix": null
    },
    {
      "id": "BD-002",
      "description": "Currency consistency for Bangladesh imports",
      "status": "fail",
      "details": "EUR currency detected instead of standard USD for Bangladesh imports",
      "field_location": "amount.currency",
      "suggested_fix": "Change currency to USD to comply with Bangladesh banking standards"
    },
    {
      "id": "BD-003",
      "description": "HS Code format validation",
      "status": "warning",
      "details": "Some HS codes missing or in non-standard format",
      "field_location": "product_details[].hs_code",
      "suggested_fix": "Provide complete 6-digit HS codes for all products"
    }
  ],
  "execution_time_ms": 125,
  "rule_categories": {
    "UCP600": 12,
    "ISBP": 8,
    "BD_LOCAL": 5
  }
}