{
  "capture_timestamp": "2025-09-14T01:58:31.053247+00:00",
  "rule_files": {
    "local_bd.yaml": {
      "last_modified": "2025-09-13T18:40:21.354474+00:00",
      "size_bytes": 4128,
      "file_hash": "99be0ed17f179927b3764aa4d6ccec49c44fc066d7f94958f5e9311d755fe3ab"
    },
    "isbp.yaml": {
      "last_modified": "2025-09-13T18:39:53.978185+00:00",
      "size_bytes": 3051,
      "file_hash": "60bd8275b7072206378da4ab0fe14d25c194c6fc98c77ea7ce836244756bf505"
    },
    "ucp_isbp_rules.yaml": {
      "last_modified": "2025-09-13T18:00:18.142559+00:00",
      "size_bytes": 10986,
      "file_hash": "8857d3b2f204eb27fde90cbab6ae0a4747873089641d58d0c7e865e8287f0a03"
    },
    "ucp600.yaml": {
      "last_modified": "2025-09-13T18:39:34.518099+00:00",
      "size_bytes": 3530,
      "file_hash": "8537bf2b277fb986e4bb9b68f5603ca95dada20057782f9024355ca61c83f862"
    }
  }
}